C,gamma,kernel,accuracy,recall,model_type,n_estimators,max_depth,learning_rate
0.001,0.001,rbf,0.6079836233367452,0.0,SVM,,,
0.001,1.112,rbf,0.6079836233367452,0.0,SVM,,,
0.001,2.223,rbf,0.6079836233367452,0.0,SVM,,,
0.001,3.334,rbf,0.6079836233367452,0.0,SVM,,,
0.001,4.445,rbf,0.6079836233367452,0.0,SVM,,,
0.001,5.556,rbf,0.6079836233367452,0.0,SVM,,,
0.001,6.667000000000001,rbf,0.6079836233367452,0.0,SVM,,,
0.001,7.778,rbf,0.6079836233367452,0.0,SVM,,,
0.001,8.889,rbf,0.6079836233367452,0.0,SVM,,,
0.001,10.0,rbf,0.6079836233367452,0.0,SVM,,,
1.112,0.001,rbf,0.7523029682702149,0.4830287206266319,SVM,,,
1.112,1.112,rbf,0.6079836233367452,0.0,SVM,,,
1.112,2.223,rbf,0.6079836233367452,0.0,SVM,,,
1.112,3.334,rbf,0.6079836233367452,0.0,SVM,,,
1.112,4.445,rbf,0.6079836233367452,0.0,SVM,,,
1.112,5.556,rbf,0.6079836233367452,0.0,SVM,,,
1.112,6.667000000000001,rbf,0.6079836233367452,0.0,SVM,,,
1.112,7.778,rbf,0.6079836233367452,0.0,SVM,,,
1.112,8.889,rbf,0.6079836233367452,0.0,SVM,,,
1.112,10.0,rbf,0.6079836233367452,0.0,SVM,,,
2.223,0.001,rbf,0.7727737973387923,0.5248041775456919,SVM,,,
2.223,1.112,rbf,0.6079836233367452,0.0,SVM,,,
2.223,2.223,rbf,0.6079836233367452,0.0,SVM,,,
2.223,3.334,rbf,0.6079836233367452,0.0,SVM,,,
2.223,4.445,rbf,0.6079836233367452,0.0,SVM,,,
2.223,5.556,rbf,0.6079836233367452,0.0,SVM,,,
2.223,6.667000000000001,rbf,0.6079836233367452,0.0,SVM,,,
2.223,7.778,rbf,0.6079836233367452,0.0,SVM,,,
2.223,8.889,rbf,0.6079836233367452,0.0,SVM,,,
2.223,10.0,rbf,0.6079836233367452,0.0,SVM,,,
3.334,0.001,rbf,0.7809621289662231,0.5430809399477807,SVM,,,
3.334,1.112,rbf,0.6079836233367452,0.0,SVM,,,
3.334,2.223,rbf,0.6079836233367452,0.0,SVM,,,
3.334,3.334,rbf,0.6079836233367452,0.0,SVM,,,
3.334,4.445,rbf,0.6079836233367452,0.0,SVM,,,
3.334,5.556,rbf,0.6079836233367452,0.0,SVM,,,
3.334,6.667000000000001,rbf,0.6079836233367452,0.0,SVM,,,
3.334,7.778,rbf,0.6079836233367452,0.0,SVM,,,
3.334,8.889,rbf,0.6079836233367452,0.0,SVM,,,
3.334,10.0,rbf,0.6079836233367452,0.0,SVM,,,
4.445,0.001,rbf,0.7901740020470829,0.556135770234987,SVM,,,
4.445,1.112,rbf,0.6079836233367452,0.0,SVM,,,
4.445,2.223,rbf,0.6079836233367452,0.0,SVM,,,
4.445,3.334,rbf,0.6079836233367452,0.0,SVM,,,
4.445,4.445,rbf,0.6079836233367452,0.0,SVM,,,
4.445,5.556,rbf,0.6079836233367452,0.0,SVM,,,
4.445,6.667000000000001,rbf,0.6079836233367452,0.0,SVM,,,
4.445,7.778,rbf,0.6079836233367452,0.0,SVM,,,
4.445,8.889,rbf,0.6079836233367452,0.0,SVM,,,
4.445,10.0,rbf,0.6079836233367452,0.0,SVM,,,
5.556,0.001,rbf,0.7963152507676561,0.5744125326370757,SVM,,,
5.556,1.112,rbf,0.6079836233367452,0.0,SVM,,,
5.556,2.223,rbf,0.6079836233367452,0.0,SVM,,,
5.556,3.334,rbf,0.6079836233367452,0.0,SVM,,,
5.556,4.445,rbf,0.6079836233367452,0.0,SVM,,,
5.556,5.556,rbf,0.6079836233367452,0.0,SVM,,,
5.556,6.667000000000001,rbf,0.6079836233367452,0.0,SVM,,,
5.556,7.778,rbf,0.6079836233367452,0.0,SVM,,,
5.556,8.889,rbf,0.6079836233367452,0.0,SVM,,,
5.556,10.0,rbf,0.6079836233367452,0.0,SVM,,,
6.667000000000001,0.001,rbf,0.7993858751279427,0.5796344647519582,SVM,,,
6.667000000000001,1.112,rbf,0.6079836233367452,0.0,SVM,,,
6.667000000000001,2.223,rbf,0.6079836233367452,0.0,SVM,,,
6.667000000000001,3.334,rbf,0.6079836233367452,0.0,SVM,,,
6.667000000000001,4.445,rbf,0.6079836233367452,0.0,SVM,,,
6.667000000000001,5.556,rbf,0.6079836233367452,0.0,SVM,,,
6.667000000000001,6.667000000000001,rbf,0.6079836233367452,0.0,SVM,,,
6.667000000000001,7.778,rbf,0.6079836233367452,0.0,SVM,,,
6.667000000000001,8.889,rbf,0.6079836233367452,0.0,SVM,,,
6.667000000000001,10.0,rbf,0.6079836233367452,0.0,SVM,,,
7.778,0.001,rbf,0.8034800409416581,0.5900783289817232,SVM,,,
7.778,1.112,rbf,0.6079836233367452,0.0,SVM,,,
7.778,2.223,rbf,0.6079836233367452,0.0,SVM,,,
7.778,3.334,rbf,0.6079836233367452,0.0,SVM,,,
7.778,4.445,rbf,0.6079836233367452,0.0,SVM,,,
7.778,5.556,rbf,0.6079836233367452,0.0,SVM,,,
7.778,6.667000000000001,rbf,0.6079836233367452,0.0,SVM,,,
7.778,7.778,rbf,0.6079836233367452,0.0,SVM,,,
7.778,8.889,rbf,0.6079836233367452,0.0,SVM,,,
7.778,10.0,rbf,0.6079836233367452,0.0,SVM,,,
8.889,0.001,rbf,0.8065506653019447,0.5926892950391645,SVM,,,
8.889,1.112,rbf,0.6079836233367452,0.0,SVM,,,
8.889,2.223,rbf,0.6079836233367452,0.0,SVM,,,
8.889,3.334,rbf,0.6079836233367452,0.0,SVM,,,
8.889,4.445,rbf,0.6079836233367452,0.0,SVM,,,
8.889,5.556,rbf,0.6079836233367452,0.0,SVM,,,
8.889,6.667000000000001,rbf,0.6079836233367452,0.0,SVM,,,
8.889,7.778,rbf,0.6079836233367452,0.0,SVM,,,
8.889,8.889,rbf,0.6079836233367452,0.0,SVM,,,
8.889,10.0,rbf,0.6079836233367452,0.0,SVM,,,
10.0,0.001,rbf,0.812691914022518,0.6057441253263708,SVM,,,
10.0,1.112,rbf,0.6079836233367452,0.0,SVM,,,
10.0,2.223,rbf,0.6079836233367452,0.0,SVM,,,
10.0,3.334,rbf,0.6079836233367452,0.0,SVM,,,
10.0,4.445,rbf,0.6079836233367452,0.0,SVM,,,
10.0,5.556,rbf,0.6079836233367452,0.0,SVM,,,
10.0,6.667000000000001,rbf,0.6079836233367452,0.0,SVM,,,
10.0,7.778,rbf,0.6079836233367452,0.0,SVM,,,
10.0,8.889,rbf,0.6079836233367452,0.0,SVM,,,
10.0,10.0,rbf,0.6079836233367452,0.0,SVM,,,
0.001,,linear,0.7287615148413511,0.4203655352480417,SVM,,,
1.112,,linear,0.7635619242579325,0.5639686684073107,SVM,,,
2.223,,linear,0.759467758444217,0.5587467362924282,SVM,,,
3.334,,linear,0.7615148413510747,0.5587467362924282,SVM,,,
4.445,,linear,0.7615148413510747,0.5639686684073107,SVM,,,
5.556,,linear,0.7615148413510747,0.5639686684073107,SVM,,,
6.667000000000001,,linear,0.7625383828045036,0.5639686684073107,SVM,,,
7.778,,linear,0.7645854657113613,0.566579634464752,SVM,,,
8.889,,linear,0.7656090071647902,0.5691906005221932,SVM,,,
10.0,,linear,0.7645854657113613,0.5718015665796344,SVM,,,
0.001,0.001,sigmoid,0.6079836233367452,0.0,SVM,,,
0.001,0.001,poly,0.6100307062436029,0.0052219321148825,SVM,,,
0.001,1.112,sigmoid,0.6079836233367452,0.0,SVM,,,
0.001,1.112,poly,0.8311156601842374,0.7049608355091384,SVM,,,
0.001,2.223,sigmoid,0.6079836233367452,0.0,SVM,,,
0.001,2.223,poly,0.8311156601842374,0.7049608355091384,SVM,,,
0.001,3.334,sigmoid,0.6079836233367452,0.0,SVM,,,
0.001,3.334,poly,0.8311156601842374,0.7049608355091384,SVM,,,
0.001,4.445,sigmoid,0.6079836233367452,0.0,SVM,,,
0.001,4.445,poly,0.8311156601842374,0.7049608355091384,SVM,,,
0.001,5.556,sigmoid,0.6079836233367452,0.0,SVM,,,
0.001,5.556,poly,0.8311156601842374,0.7049608355091384,SVM,,,
0.001,6.667000000000001,sigmoid,0.6079836233367452,0.0,SVM,,,
0.001,6.667000000000001,poly,0.8311156601842374,0.7049608355091384,SVM,,,
0.001,7.778,sigmoid,0.6079836233367452,0.0,SVM,,,
0.001,7.778,poly,0.8311156601842374,0.7049608355091384,SVM,,,
0.001,8.889,sigmoid,0.6079836233367452,0.0,SVM,,,
0.001,8.889,poly,0.8311156601842374,0.7049608355091384,SVM,,,
0.001,10.0,sigmoid,0.6079836233367452,0.0,SVM,,,
0.001,10.0,poly,0.8311156601842374,0.7049608355091384,SVM,,,
1.112,0.001,sigmoid,0.7154554759467758,0.3994778067885117,SVM,,,
1.112,0.001,poly,0.6560900716479018,0.1253263707571801,SVM,,,
1.112,1.112,sigmoid,0.5250767656090072,0.3942558746736292,SVM,,,
1.112,1.112,poly,0.8311156601842374,0.7049608355091384,SVM,,,
1.112,2.223,sigmoid,0.5240532241555783,0.391644908616188,SVM,,,
1.112,2.223,poly,0.8311156601842374,0.7049608355091384,SVM,,,
1.112,3.334,sigmoid,0.5230296827021494,0.391644908616188,SVM,,,
1.112,3.334,poly,0.8311156601842374,0.7049608355091384,SVM,,,
1.112,4.445,sigmoid,0.5220061412487206,0.391644908616188,SVM,,,
1.112,4.445,poly,0.8311156601842374,0.7049608355091384,SVM,,,
1.112,5.556,sigmoid,0.5209825997952917,0.391644908616188,SVM,,,
1.112,5.556,poly,0.8311156601842374,0.7049608355091384,SVM,,,
1.112,6.667000000000001,sigmoid,0.5199590583418628,0.391644908616188,SVM,,,
1.112,6.667000000000001,poly,0.8311156601842374,0.7049608355091384,SVM,,,
1.112,7.778,sigmoid,0.5199590583418628,0.391644908616188,SVM,,,
1.112,7.778,poly,0.8311156601842374,0.7049608355091384,SVM,,,
1.112,8.889,sigmoid,0.5209825997952917,0.391644908616188,SVM,,,
1.112,8.889,poly,0.8311156601842374,0.7049608355091384,SVM,,,
1.112,10.0,sigmoid,0.5230296827021494,0.391644908616188,SVM,,,
1.112,10.0,poly,0.8311156601842374,0.7049608355091384,SVM,,,
2.223,0.001,sigmoid,0.7256908904810645,0.433420365535248,SVM,,,
2.223,0.001,poly,0.6601842374616171,0.1357702349869451,SVM,,,
2.223,1.112,sigmoid,0.526100307062436,0.3942558746736292,SVM,,,
2.223,1.112,poly,0.8311156601842374,0.7049608355091384,SVM,,,
2.223,2.223,sigmoid,0.5240532241555783,0.391644908616188,SVM,,,
2.223,2.223,poly,0.8311156601842374,0.7049608355091384,SVM,,,
2.223,3.334,sigmoid,0.5220061412487206,0.391644908616188,SVM,,,
2.223,3.334,poly,0.8311156601842374,0.7049608355091384,SVM,,,
2.223,4.445,sigmoid,0.5230296827021494,0.391644908616188,SVM,,,
2.223,4.445,poly,0.8311156601842374,0.7049608355091384,SVM,,,
2.223,5.556,sigmoid,0.5220061412487206,0.391644908616188,SVM,,,
2.223,5.556,poly,0.8311156601842374,0.7049608355091384,SVM,,,
2.223,6.667000000000001,sigmoid,0.5209825997952917,0.391644908616188,SVM,,,
2.223,6.667000000000001,poly,0.8311156601842374,0.7049608355091384,SVM,,,
2.223,7.778,sigmoid,0.5199590583418628,0.391644908616188,SVM,,,
2.223,7.778,poly,0.8311156601842374,0.7049608355091384,SVM,,,
2.223,8.889,sigmoid,0.5220061412487206,0.3942558746736292,SVM,,,
2.223,8.889,poly,0.8311156601842374,0.7049608355091384,SVM,,,
2.223,10.0,sigmoid,0.5220061412487206,0.3942558746736292,SVM,,,
2.223,10.0,poly,0.8311156601842374,0.7049608355091384,SVM,,,
3.334,0.001,sigmoid,0.7246673490276356,0.4386422976501306,SVM,,,
3.334,0.001,poly,0.6653019447287615,0.1488250652741514,SVM,,,
3.334,1.112,sigmoid,0.526100307062436,0.3942558746736292,SVM,,,
3.334,1.112,poly,0.8311156601842374,0.7049608355091384,SVM,,,
3.334,2.223,sigmoid,0.5230296827021494,0.3942558746736292,SVM,,,
3.334,2.223,poly,0.8311156601842374,0.7049608355091384,SVM,,,
3.334,3.334,sigmoid,0.5230296827021494,0.391644908616188,SVM,,,
3.334,3.334,poly,0.8311156601842374,0.7049608355091384,SVM,,,
3.334,4.445,sigmoid,0.5230296827021494,0.391644908616188,SVM,,,
3.334,4.445,poly,0.8311156601842374,0.7049608355091384,SVM,,,
3.334,5.556,sigmoid,0.5209825997952917,0.391644908616188,SVM,,,
3.334,5.556,poly,0.8311156601842374,0.7049608355091384,SVM,,,
3.334,6.667000000000001,sigmoid,0.5199590583418628,0.391644908616188,SVM,,,
3.334,6.667000000000001,poly,0.8311156601842374,0.7049608355091384,SVM,,,
3.334,7.778,sigmoid,0.5199590583418628,0.391644908616188,SVM,,,
3.334,7.778,poly,0.8311156601842374,0.7049608355091384,SVM,,,
3.334,8.889,sigmoid,0.5220061412487206,0.3942558746736292,SVM,,,
3.334,8.889,poly,0.8311156601842374,0.7049608355091384,SVM,,,
3.334,10.0,sigmoid,0.5220061412487206,0.3942558746736292,SVM,,,
3.334,10.0,poly,0.8311156601842374,0.7049608355091384,SVM,,,
4.445,0.001,sigmoid,0.7277379733879222,0.454308093994778,SVM,,,
4.445,0.001,poly,0.6704196519959058,0.1618798955613577,SVM,,,
4.445,1.112,sigmoid,0.526100307062436,0.3942558746736292,SVM,,,
4.445,1.112,poly,0.8311156601842374,0.7049608355091384,SVM,,,
4.445,2.223,sigmoid,0.5230296827021494,0.3942558746736292,SVM,,,
4.445,2.223,poly,0.8311156601842374,0.7049608355091384,SVM,,,
4.445,3.334,sigmoid,0.5230296827021494,0.391644908616188,SVM,,,
4.445,3.334,poly,0.8311156601842374,0.7049608355091384,SVM,,,
4.445,4.445,sigmoid,0.5230296827021494,0.391644908616188,SVM,,,
4.445,4.445,poly,0.8311156601842374,0.7049608355091384,SVM,,,
4.445,5.556,sigmoid,0.5209825997952917,0.391644908616188,SVM,,,
4.445,5.556,poly,0.8311156601842374,0.7049608355091384,SVM,,,
4.445,6.667000000000001,sigmoid,0.5199590583418628,0.391644908616188,SVM,,,
4.445,6.667000000000001,poly,0.8311156601842374,0.7049608355091384,SVM,,,
4.445,7.778,sigmoid,0.5199590583418628,0.391644908616188,SVM,,,
4.445,7.778,poly,0.8311156601842374,0.7049608355091384,SVM,,,
4.445,8.889,sigmoid,0.5220061412487206,0.3942558746736292,SVM,,,
4.445,8.889,poly,0.8311156601842374,0.7049608355091384,SVM,,,
4.445,10.0,sigmoid,0.5220061412487206,0.3942558746736292,SVM,,,
4.445,10.0,poly,0.8311156601842374,0.7049608355091384,SVM,,,
5.556,0.001,sigmoid,0.7256908904810645,0.4699738903394256,SVM,,,
5.556,0.001,poly,0.676560900716479,0.1775456919060052,SVM,,,
5.556,1.112,sigmoid,0.526100307062436,0.3942558746736292,SVM,,,
5.556,1.112,poly,0.8311156601842374,0.7049608355091384,SVM,,,
5.556,2.223,sigmoid,0.5230296827021494,0.3942558746736292,SVM,,,
5.556,2.223,poly,0.8311156601842374,0.7049608355091384,SVM,,,
5.556,3.334,sigmoid,0.5220061412487206,0.391644908616188,SVM,,,
5.556,3.334,poly,0.8311156601842374,0.7049608355091384,SVM,,,
5.556,4.445,sigmoid,0.5209825997952917,0.391644908616188,SVM,,,
5.556,4.445,poly,0.8311156601842374,0.7049608355091384,SVM,,,
5.556,5.556,sigmoid,0.5209825997952917,0.391644908616188,SVM,,,
5.556,5.556,poly,0.8311156601842374,0.7049608355091384,SVM,,,
5.556,6.667000000000001,sigmoid,0.5199590583418628,0.391644908616188,SVM,,,
5.556,6.667000000000001,poly,0.8311156601842374,0.7049608355091384,SVM,,,
5.556,7.778,sigmoid,0.5230296827021494,0.391644908616188,SVM,,,
5.556,7.778,poly,0.8311156601842374,0.7049608355091384,SVM,,,
5.556,8.889,sigmoid,0.5220061412487206,0.391644908616188,SVM,,,
5.556,8.889,poly,0.8311156601842374,0.7049608355091384,SVM,,,
5.556,10.0,sigmoid,0.5220061412487206,0.3942558746736292,SVM,,,
5.556,10.0,poly,0.8311156601842374,0.7049608355091384,SVM,,,
6.667000000000001,0.001,sigmoid,0.72978505629478,0.4856396866840731,SVM,,,
6.667000000000001,0.001,poly,0.6837256908904811,0.2036553524804177,SVM,,,
6.667000000000001,1.112,sigmoid,0.526100307062436,0.3942558746736292,SVM,,,
6.667000000000001,1.112,poly,0.8311156601842374,0.7049608355091384,SVM,,,
6.667000000000001,2.223,sigmoid,0.5240532241555783,0.391644908616188,SVM,,,
6.667000000000001,2.223,poly,0.8311156601842374,0.7049608355091384,SVM,,,
6.667000000000001,3.334,sigmoid,0.5220061412487206,0.391644908616188,SVM,,,
6.667000000000001,3.334,poly,0.8311156601842374,0.7049608355091384,SVM,,,
6.667000000000001,4.445,sigmoid,0.5209825997952917,0.391644908616188,SVM,,,
6.667000000000001,4.445,poly,0.8311156601842374,0.7049608355091384,SVM,,,
6.667000000000001,5.556,sigmoid,0.5209825997952917,0.391644908616188,SVM,,,
6.667000000000001,5.556,poly,0.8311156601842374,0.7049608355091384,SVM,,,
6.667000000000001,6.667000000000001,sigmoid,0.5230296827021494,0.391644908616188,SVM,,,
6.667000000000001,6.667000000000001,poly,0.8311156601842374,0.7049608355091384,SVM,,,
6.667000000000001,7.778,sigmoid,0.5230296827021494,0.391644908616188,SVM,,,
6.667000000000001,7.778,poly,0.8311156601842374,0.7049608355091384,SVM,,,
6.667000000000001,8.889,sigmoid,0.5220061412487206,0.391644908616188,SVM,,,
6.667000000000001,8.889,poly,0.8311156601842374,0.7049608355091384,SVM,,,
6.667000000000001,10.0,sigmoid,0.5220061412487206,0.391644908616188,SVM,,,
6.667000000000001,10.0,poly,0.8311156601842374,0.7049608355091384,SVM,,,
7.778,0.001,sigmoid,0.7195496417604913,0.4934725848563969,SVM,,,
7.778,0.001,poly,0.691914022517912,0.2297650130548303,SVM,,,
7.778,1.112,sigmoid,0.526100307062436,0.3942558746736292,SVM,,,
7.778,1.112,poly,0.8311156601842374,0.7049608355091384,SVM,,,
7.778,2.223,sigmoid,0.5240532241555783,0.391644908616188,SVM,,,
7.778,2.223,poly,0.8311156601842374,0.7049608355091384,SVM,,,
7.778,3.334,sigmoid,0.5220061412487206,0.391644908616188,SVM,,,
7.778,3.334,poly,0.8311156601842374,0.7049608355091384,SVM,,,
7.778,4.445,sigmoid,0.5209825997952917,0.391644908616188,SVM,,,
7.778,4.445,poly,0.8311156601842374,0.7049608355091384,SVM,,,
7.778,5.556,sigmoid,0.5209825997952917,0.391644908616188,SVM,,,
7.778,5.556,poly,0.8311156601842374,0.7049608355091384,SVM,,,
7.778,6.667000000000001,sigmoid,0.5230296827021494,0.391644908616188,SVM,,,
7.778,6.667000000000001,poly,0.8311156601842374,0.7049608355091384,SVM,,,
7.778,7.778,sigmoid,0.5230296827021494,0.391644908616188,SVM,,,
7.778,7.778,poly,0.8311156601842374,0.7049608355091384,SVM,,,
7.778,8.889,sigmoid,0.5220061412487206,0.391644908616188,SVM,,,
7.778,8.889,poly,0.8311156601842374,0.7049608355091384,SVM,,,
7.778,10.0,sigmoid,0.5220061412487206,0.3942558746736292,SVM,,,
7.778,10.0,poly,0.8311156601842374,0.7049608355091384,SVM,,,
8.889,0.001,sigmoid,0.7185261003070624,0.5091383812010444,SVM,,,
8.889,0.001,poly,0.691914022517912,0.2323759791122715,SVM,,,
8.889,1.112,sigmoid,0.526100307062436,0.3942558746736292,SVM,,,
8.889,1.112,poly,0.8311156601842374,0.7049608355091384,SVM,,,
8.889,2.223,sigmoid,0.5240532241555783,0.391644908616188,SVM,,,
8.889,2.223,poly,0.8311156601842374,0.7049608355091384,SVM,,,
8.889,3.334,sigmoid,0.5220061412487206,0.391644908616188,SVM,,,
8.889,3.334,poly,0.8311156601842374,0.7049608355091384,SVM,,,
8.889,4.445,sigmoid,0.5209825997952917,0.391644908616188,SVM,,,
8.889,4.445,poly,0.8311156601842374,0.7049608355091384,SVM,,,
8.889,5.556,sigmoid,0.5209825997952917,0.391644908616188,SVM,,,
8.889,5.556,poly,0.8311156601842374,0.7049608355091384,SVM,,,
8.889,6.667000000000001,sigmoid,0.5230296827021494,0.391644908616188,SVM,,,
8.889,6.667000000000001,poly,0.8311156601842374,0.7049608355091384,SVM,,,
8.889,7.778,sigmoid,0.5230296827021494,0.391644908616188,SVM,,,
8.889,7.778,poly,0.8311156601842374,0.7049608355091384,SVM,,,
8.889,8.889,sigmoid,0.5220061412487206,0.391644908616188,SVM,,,
8.889,8.889,poly,0.8311156601842374,0.7049608355091384,SVM,,,
8.889,10.0,sigmoid,0.5220061412487206,0.3942558746736292,SVM,,,
8.889,10.0,poly,0.8311156601842374,0.7049608355091384,SVM,,,
10.0,0.001,sigmoid,0.7154554759467758,0.5117493472584856,SVM,,,
10.0,0.001,poly,0.6960081883316275,0.2428198433420365,SVM,,,
10.0,1.112,sigmoid,0.526100307062436,0.3942558746736292,SVM,,,
10.0,1.112,poly,0.8311156601842374,0.7049608355091384,SVM,,,
10.0,2.223,sigmoid,0.5240532241555783,0.391644908616188,SVM,,,
10.0,2.223,poly,0.8311156601842374,0.7049608355091384,SVM,,,
10.0,3.334,sigmoid,0.5230296827021494,0.391644908616188,SVM,,,
10.0,3.334,poly,0.8311156601842374,0.7049608355091384,SVM,,,
10.0,4.445,sigmoid,0.5209825997952917,0.391644908616188,SVM,,,
10.0,4.445,poly,0.8311156601842374,0.7049608355091384,SVM,,,
10.0,5.556,sigmoid,0.5230296827021494,0.391644908616188,SVM,,,
10.0,5.556,poly,0.8311156601842374,0.7049608355091384,SVM,,,
10.0,6.667000000000001,sigmoid,0.5230296827021494,0.391644908616188,SVM,,,
10.0,6.667000000000001,poly,0.8311156601842374,0.7049608355091384,SVM,,,
10.0,7.778,sigmoid,0.5230296827021494,0.391644908616188,SVM,,,
10.0,7.778,poly,0.8311156601842374,0.7049608355091384,SVM,,,
10.0,8.889,sigmoid,0.5220061412487206,0.391644908616188,SVM,,,
10.0,8.889,poly,0.8311156601842374,0.7049608355091384,SVM,,,
10.0,10.0,sigmoid,0.5220061412487206,0.391644908616188,SVM,,,
10.0,10.0,poly,0.8311156601842374,0.7049608355091384,SVM,,,
,,,0.8229273285568065,0.6057441253263708,RF,100.0,,
,,,0.81985670419652,0.6005221932114883,RF,200.0,,
,,,0.8157625383828045,0.5900783289817232,RF,300.0,,
,,,0.8178096212896623,0.6005221932114883,RF,400.0,,
,,,0.8219037871033776,0.6031331592689295,RF,500.0,,
,,,0.8167860798362334,0.6031331592689295,RF,600.0,,
,,,0.8208802456499488,0.6057441253263708,RF,700.0,,
,,,0.8208802456499488,0.6057441253263708,RF,800.0,,
,,,0.8188331627430911,0.6031331592689295,RF,900.0,,
,,,0.8178096212896623,0.597911227154047,RF,1000.0,,
,,,0.8188331627430911,0.6031331592689295,RF,1100.0,,
,,,0.8219037871033776,0.608355091383812,RF,1200.0,,
,,,0.8178096212896623,0.6057441253263708,RF,1300.0,,
,,,0.8188331627430911,0.608355091383812,RF,1400.0,,
,,,0.8157625383828045,0.6057441253263708,RF,1500.0,,
,,,0.8147389969293757,0.6057441253263708,RF,1600.0,,
,,,0.8157625383828045,0.608355091383812,RF,1700.0,,
,,,0.8157625383828045,0.608355091383812,RF,1800.0,,
,,,0.8157625383828045,0.608355091383812,RF,1900.0,,
,,,0.8147389969293757,0.6057441253263708,RF,2000.0,,
,,,0.8157625383828045,0.6057441253263708,RF,2100.0,,
,,,0.8147389969293757,0.6057441253263708,RF,2200.0,,
,,,0.8157625383828045,0.608355091383812,RF,2300.0,,
,,,0.8137154554759468,0.6057441253263708,RF,2400.0,,
,,,0.8157625383828045,0.608355091383812,RF,2500.0,,
,,,0.8147389969293757,0.608355091383812,RF,2600.0,,
,,,0.8137154554759468,0.6057441253263708,RF,2700.0,,
,,,0.8137154554759468,0.6057441253263708,RF,2800.0,,
,,,0.8137154554759468,0.6031331592689295,RF,2900.0,,
,,,0.8147389969293757,0.6031331592689295,RF,3000.0,,
,,,0.8167860798362334,0.6057441253263708,RF,3100.0,,
,,,0.7676560900716479,0.4595300261096606,RF,100.0,10.0,
,,,0.7666325486182191,0.4621409921671018,RF,200.0,10.0,
,,,0.7666325486182191,0.4673629242819843,RF,300.0,10.0,
,,,0.7666325486182191,0.464751958224543,RF,400.0,10.0,
,,,0.7656090071647902,0.4595300261096606,RF,500.0,10.0,
,,,0.7645854657113613,0.4569190600522193,RF,600.0,10.0,
,,,0.7666325486182191,0.4621409921671018,RF,700.0,10.0,
,,,0.7676560900716479,0.4621409921671018,RF,800.0,10.0,
,,,0.7697031729785057,0.4673629242819843,RF,900.0,10.0,
,,,0.7697031729785057,0.4699738903394256,RF,1000.0,10.0,
,,,0.7686796315250768,0.4673629242819843,RF,1100.0,10.0,
,,,0.7676560900716479,0.464751958224543,RF,1200.0,10.0,
,,,0.7686796315250768,0.4673629242819843,RF,1300.0,10.0,
,,,0.7697031729785057,0.4699738903394256,RF,1400.0,10.0,
,,,0.7686796315250768,0.4673629242819843,RF,1500.0,10.0,
,,,0.7666325486182191,0.4673629242819843,RF,1600.0,10.0,
,,,0.7666325486182191,0.464751958224543,RF,1700.0,10.0,
,,,0.7666325486182191,0.464751958224543,RF,1800.0,10.0,
,,,0.7656090071647902,0.4621409921671018,RF,1900.0,10.0,
,,,0.7656090071647902,0.4621409921671018,RF,2000.0,10.0,
,,,0.7656090071647902,0.4621409921671018,RF,2100.0,10.0,
,,,0.7676560900716479,0.4673629242819843,RF,2200.0,10.0,
,,,0.7666325486182191,0.464751958224543,RF,2300.0,10.0,
,,,0.7666325486182191,0.464751958224543,RF,2400.0,10.0,
,,,0.7676560900716479,0.4673629242819843,RF,2500.0,10.0,
,,,0.7686796315250768,0.4699738903394256,RF,2600.0,10.0,
,,,0.7676560900716479,0.4699738903394256,RF,2700.0,10.0,
,,,0.7666325486182191,0.4673629242819843,RF,2800.0,10.0,
,,,0.7656090071647902,0.464751958224543,RF,2900.0,10.0,
,,,0.7656090071647902,0.464751958224543,RF,3000.0,10.0,
,,,0.7656090071647902,0.464751958224543,RF,3100.0,10.0,
,,,0.8096212896622313,0.577023498694517,RF,100.0,20.0,
,,,0.8096212896622313,0.5718015665796344,RF,200.0,20.0,
,,,0.8075742067553736,0.577023498694517,RF,300.0,20.0,
,,,0.8096212896622313,0.577023498694517,RF,400.0,20.0,
,,,0.812691914022518,0.5848563968668408,RF,500.0,20.0,
,,,0.8096212896622313,0.577023498694517,RF,600.0,20.0,
,,,0.8085977482088025,0.5744125326370757,RF,700.0,20.0,
,,,0.8096212896622313,0.5744125326370757,RF,800.0,20.0,
,,,0.8096212896622313,0.5744125326370757,RF,900.0,20.0,
,,,0.8085977482088025,0.5744125326370757,RF,1000.0,20.0,
,,,0.8085977482088025,0.5744125326370757,RF,1100.0,20.0,
,,,0.8096212896622313,0.5796344647519582,RF,1200.0,20.0,
,,,0.8096212896622313,0.5796344647519582,RF,1300.0,20.0,
,,,0.8096212896622313,0.5796344647519582,RF,1400.0,20.0,
,,,0.8085977482088025,0.577023498694517,RF,1500.0,20.0,
,,,0.8106448311156602,0.5796344647519582,RF,1600.0,20.0,
,,,0.8075742067553736,0.5744125326370757,RF,1700.0,20.0,
,,,0.8065506653019447,0.5718015665796344,RF,1800.0,20.0,
,,,0.8065506653019447,0.5718015665796344,RF,1900.0,20.0,
,,,0.8065506653019447,0.5718015665796344,RF,2000.0,20.0,
,,,0.8065506653019447,0.5718015665796344,RF,2100.0,20.0,
,,,0.8055271238485159,0.5691906005221932,RF,2200.0,20.0,
,,,0.8065506653019447,0.5718015665796344,RF,2300.0,20.0,
,,,0.8055271238485159,0.5718015665796344,RF,2400.0,20.0,
,,,0.8055271238485159,0.5718015665796344,RF,2500.0,20.0,
,,,0.8055271238485159,0.5718015665796344,RF,2600.0,20.0,
,,,0.8055271238485159,0.5718015665796344,RF,2700.0,20.0,
,,,0.8075742067553736,0.577023498694517,RF,2800.0,20.0,
,,,0.8075742067553736,0.5744125326370757,RF,2900.0,20.0,
,,,0.8085977482088025,0.577023498694517,RF,3000.0,20.0,
,,,0.8085977482088025,0.577023498694517,RF,3100.0,20.0,
,,,0.8137154554759468,0.6005221932114883,RF,100.0,30.0,
,,,0.8137154554759468,0.5953002610966057,RF,200.0,30.0,
,,,0.8157625383828045,0.6005221932114883,RF,300.0,30.0,
,,,0.812691914022518,0.5953002610966057,RF,400.0,30.0,
,,,0.8147389969293757,0.5953002610966057,RF,500.0,30.0,
,,,0.8157625383828045,0.6031331592689295,RF,600.0,30.0,
,,,0.8157625383828045,0.597911227154047,RF,700.0,30.0,
,,,0.8167860798362334,0.597911227154047,RF,800.0,30.0,
,,,0.8167860798362334,0.597911227154047,RF,900.0,30.0,
,,,0.8167860798362334,0.597911227154047,RF,1000.0,30.0,
,,,0.8157625383828045,0.5953002610966057,RF,1100.0,30.0,
,,,0.812691914022518,0.5926892950391645,RF,1200.0,30.0,
,,,0.8137154554759468,0.597911227154047,RF,1300.0,30.0,
,,,0.8147389969293757,0.6005221932114883,RF,1400.0,30.0,
,,,0.8137154554759468,0.5953002610966057,RF,1500.0,30.0,
,,,0.8157625383828045,0.6005221932114883,RF,1600.0,30.0,
,,,0.8137154554759468,0.6005221932114883,RF,1700.0,30.0,
,,,0.8157625383828045,0.6031331592689295,RF,1800.0,30.0,
,,,0.8147389969293757,0.6031331592689295,RF,1900.0,30.0,
,,,0.8147389969293757,0.6031331592689295,RF,2000.0,30.0,
,,,0.8167860798362334,0.6031331592689295,RF,2100.0,30.0,
,,,0.8157625383828045,0.6031331592689295,RF,2200.0,30.0,
,,,0.8157625383828045,0.6005221932114883,RF,2300.0,30.0,
,,,0.8157625383828045,0.6005221932114883,RF,2400.0,30.0,
,,,0.8167860798362334,0.6031331592689295,RF,2500.0,30.0,
,,,0.8157625383828045,0.6031331592689295,RF,2600.0,30.0,
,,,0.8147389969293757,0.6031331592689295,RF,2700.0,30.0,
,,,0.8157625383828045,0.6057441253263708,RF,2800.0,30.0,
,,,0.8157625383828045,0.6057441253263708,RF,2900.0,30.0,
,,,0.812691914022518,0.6005221932114883,RF,3000.0,30.0,
,,,0.812691914022518,0.6005221932114883,RF,3100.0,30.0,
,,,0.8229273285568065,0.608355091383812,RF,100.0,40.0,
,,,0.81985670419652,0.597911227154047,RF,200.0,40.0,
,,,0.8178096212896623,0.5953002610966057,RF,300.0,40.0,
,,,0.8178096212896623,0.6005221932114883,RF,400.0,40.0,
,,,0.8219037871033776,0.6031331592689295,RF,500.0,40.0,
,,,0.8188331627430911,0.6005221932114883,RF,600.0,40.0,
,,,0.81985670419652,0.6031331592689295,RF,700.0,40.0,
,,,0.8208802456499488,0.6057441253263708,RF,800.0,40.0,
,,,0.8188331627430911,0.6031331592689295,RF,900.0,40.0,
,,,0.8167860798362334,0.5953002610966057,RF,1000.0,40.0,
,,,0.81985670419652,0.6005221932114883,RF,1100.0,40.0,
,,,0.8229273285568065,0.6109660574412533,RF,1200.0,40.0,
,,,0.81985670419652,0.6057441253263708,RF,1300.0,40.0,
,,,0.8188331627430911,0.608355091383812,RF,1400.0,40.0,
,,,0.8188331627430911,0.608355091383812,RF,1500.0,40.0,
,,,0.8167860798362334,0.608355091383812,RF,1600.0,40.0,
,,,0.8167860798362334,0.608355091383812,RF,1700.0,40.0,
,,,0.81985670419652,0.6109660574412533,RF,1800.0,40.0,
,,,0.8178096212896623,0.608355091383812,RF,1900.0,40.0,
,,,0.8178096212896623,0.6057441253263708,RF,2000.0,40.0,
,,,0.8167860798362334,0.6057441253263708,RF,2100.0,40.0,
,,,0.8157625383828045,0.6057441253263708,RF,2200.0,40.0,
,,,0.8178096212896623,0.608355091383812,RF,2300.0,40.0,
,,,0.8147389969293757,0.6057441253263708,RF,2400.0,40.0,
,,,0.8157625383828045,0.608355091383812,RF,2500.0,40.0,
,,,0.8167860798362334,0.608355091383812,RF,2600.0,40.0,
,,,0.8157625383828045,0.608355091383812,RF,2700.0,40.0,
,,,0.8137154554759468,0.6031331592689295,RF,2800.0,40.0,
,,,0.8147389969293757,0.6031331592689295,RF,2900.0,40.0,
,,,0.8147389969293757,0.6031331592689295,RF,3000.0,40.0,
,,,0.8167860798362334,0.6057441253263708,RF,3100.0,40.0,
,,,0.8229273285568065,0.6057441253263708,RF,100.0,50.0,
,,,0.81985670419652,0.6005221932114883,RF,200.0,50.0,
,,,0.8157625383828045,0.5900783289817232,RF,300.0,50.0,
,,,0.8178096212896623,0.6005221932114883,RF,400.0,50.0,
,,,0.8219037871033776,0.6031331592689295,RF,500.0,50.0,
,,,0.8167860798362334,0.6031331592689295,RF,600.0,50.0,
,,,0.8208802456499488,0.6057441253263708,RF,700.0,50.0,
,,,0.81985670419652,0.6057441253263708,RF,800.0,50.0,
,,,0.8188331627430911,0.6031331592689295,RF,900.0,50.0,
,,,0.8178096212896623,0.597911227154047,RF,1000.0,50.0,
,,,0.8188331627430911,0.6031331592689295,RF,1100.0,50.0,
,,,0.8208802456499488,0.608355091383812,RF,1200.0,50.0,
,,,0.8167860798362334,0.6057441253263708,RF,1300.0,50.0,
,,,0.8188331627430911,0.608355091383812,RF,1400.0,50.0,
,,,0.8178096212896623,0.608355091383812,RF,1500.0,50.0,
,,,0.8147389969293757,0.6057441253263708,RF,1600.0,50.0,
,,,0.8157625383828045,0.608355091383812,RF,1700.0,50.0,
,,,0.8157625383828045,0.608355091383812,RF,1800.0,50.0,
,,,0.8157625383828045,0.608355091383812,RF,1900.0,50.0,
,,,0.8157625383828045,0.6057441253263708,RF,2000.0,50.0,
,,,0.8157625383828045,0.6057441253263708,RF,2100.0,50.0,
,,,0.8147389969293757,0.6057441253263708,RF,2200.0,50.0,
,,,0.8157625383828045,0.608355091383812,RF,2300.0,50.0,
,,,0.8137154554759468,0.6057441253263708,RF,2400.0,50.0,
,,,0.8147389969293757,0.608355091383812,RF,2500.0,50.0,
,,,0.8147389969293757,0.608355091383812,RF,2600.0,50.0,
,,,0.8137154554759468,0.6057441253263708,RF,2700.0,50.0,
,,,0.8137154554759468,0.6057441253263708,RF,2800.0,50.0,
,,,0.8137154554759468,0.6031331592689295,RF,2900.0,50.0,
,,,0.8137154554759468,0.6031331592689295,RF,3000.0,50.0,
,,,0.8167860798362334,0.6057441253263708,RF,3100.0,50.0,
,,,0.8229273285568065,0.6057441253263708,RF,100.0,60.0,
,,,0.81985670419652,0.6005221932114883,RF,200.0,60.0,
,,,0.8157625383828045,0.5900783289817232,RF,300.0,60.0,
,,,0.8178096212896623,0.6005221932114883,RF,400.0,60.0,
,,,0.8219037871033776,0.6031331592689295,RF,500.0,60.0,
,,,0.8167860798362334,0.6031331592689295,RF,600.0,60.0,
,,,0.8208802456499488,0.6057441253263708,RF,700.0,60.0,
,,,0.8208802456499488,0.6057441253263708,RF,800.0,60.0,
,,,0.8188331627430911,0.6031331592689295,RF,900.0,60.0,
,,,0.8178096212896623,0.597911227154047,RF,1000.0,60.0,
,,,0.8188331627430911,0.6031331592689295,RF,1100.0,60.0,
,,,0.8219037871033776,0.608355091383812,RF,1200.0,60.0,
,,,0.8178096212896623,0.6057441253263708,RF,1300.0,60.0,
,,,0.8188331627430911,0.608355091383812,RF,1400.0,60.0,
,,,0.8157625383828045,0.6057441253263708,RF,1500.0,60.0,
,,,0.8147389969293757,0.6057441253263708,RF,1600.0,60.0,
,,,0.8157625383828045,0.608355091383812,RF,1700.0,60.0,
,,,0.8157625383828045,0.608355091383812,RF,1800.0,60.0,
,,,0.8157625383828045,0.608355091383812,RF,1900.0,60.0,
,,,0.8147389969293757,0.6057441253263708,RF,2000.0,60.0,
,,,0.8157625383828045,0.6057441253263708,RF,2100.0,60.0,
,,,0.8147389969293757,0.6057441253263708,RF,2200.0,60.0,
,,,0.8157625383828045,0.608355091383812,RF,2300.0,60.0,
,,,0.8137154554759468,0.6057441253263708,RF,2400.0,60.0,
,,,0.8157625383828045,0.608355091383812,RF,2500.0,60.0,
,,,0.8147389969293757,0.608355091383812,RF,2600.0,60.0,
,,,0.8137154554759468,0.6057441253263708,RF,2700.0,60.0,
,,,0.8137154554759468,0.6057441253263708,RF,2800.0,60.0,
,,,0.8137154554759468,0.6031331592689295,RF,2900.0,60.0,
,,,0.8147389969293757,0.6031331592689295,RF,3000.0,60.0,
,,,0.8167860798362334,0.6057441253263708,RF,3100.0,60.0,
,,,0.8229273285568065,0.6057441253263708,RF,100.0,70.0,
,,,0.81985670419652,0.6005221932114883,RF,200.0,70.0,
,,,0.8157625383828045,0.5900783289817232,RF,300.0,70.0,
,,,0.8178096212896623,0.6005221932114883,RF,400.0,70.0,
,,,0.8219037871033776,0.6031331592689295,RF,500.0,70.0,
,,,0.8167860798362334,0.6031331592689295,RF,600.0,70.0,
,,,0.8208802456499488,0.6057441253263708,RF,700.0,70.0,
,,,0.8208802456499488,0.6057441253263708,RF,800.0,70.0,
,,,0.8188331627430911,0.6031331592689295,RF,900.0,70.0,
,,,0.8178096212896623,0.597911227154047,RF,1000.0,70.0,
,,,0.8188331627430911,0.6031331592689295,RF,1100.0,70.0,
,,,0.8219037871033776,0.608355091383812,RF,1200.0,70.0,
,,,0.8178096212896623,0.6057441253263708,RF,1300.0,70.0,
,,,0.8188331627430911,0.608355091383812,RF,1400.0,70.0,
,,,0.8157625383828045,0.6057441253263708,RF,1500.0,70.0,
,,,0.8147389969293757,0.6057441253263708,RF,1600.0,70.0,
,,,0.8157625383828045,0.608355091383812,RF,1700.0,70.0,
,,,0.8157625383828045,0.608355091383812,RF,1800.0,70.0,
,,,0.8157625383828045,0.608355091383812,RF,1900.0,70.0,
,,,0.8147389969293757,0.6057441253263708,RF,2000.0,70.0,
,,,0.8157625383828045,0.6057441253263708,RF,2100.0,70.0,
,,,0.8147389969293757,0.6057441253263708,RF,2200.0,70.0,
,,,0.8157625383828045,0.608355091383812,RF,2300.0,70.0,
,,,0.8137154554759468,0.6057441253263708,RF,2400.0,70.0,
,,,0.8157625383828045,0.608355091383812,RF,2500.0,70.0,
,,,0.8147389969293757,0.608355091383812,RF,2600.0,70.0,
,,,0.8137154554759468,0.6057441253263708,RF,2700.0,70.0,
,,,0.8137154554759468,0.6057441253263708,RF,2800.0,70.0,
,,,0.8137154554759468,0.6031331592689295,RF,2900.0,70.0,
,,,0.8147389969293757,0.6031331592689295,RF,3000.0,70.0,
,,,0.8167860798362334,0.6057441253263708,RF,3100.0,70.0,
,,,0.608,0.0,XGB,100.0,3.0,0.001
,,,0.7114,0.2872,XGB,400.0,3.0,0.001
,,,0.7359,0.3786,XGB,700.0,3.0,0.001
,,,0.74,0.4178,XGB,1000.0,3.0,0.001
,,,0.7451,0.436,XGB,1300.0,3.0,0.001
,,,0.7544,0.4621,XGB,1600.0,3.0,0.001
,,,0.7625,0.4909,XGB,1900.0,3.0,0.001
,,,0.7687,0.5065,XGB,2200.0,3.0,0.001
,,,0.7738,0.5196,XGB,2500.0,3.0,0.001
,,,0.7769,0.53,XGB,2800.0,3.0,0.001
,,,0.7779,0.5326,XGB,3100.0,3.0,0.001
,,,0.608,0.0,XGB,100.0,6.0,0.001
,,,0.7564,0.3995,XGB,400.0,6.0,0.001
,,,0.7728,0.4621,XGB,700.0,6.0,0.001
,,,0.7851,0.5013,XGB,1000.0,6.0,0.001
,,,0.7922,0.5248,XGB,1300.0,6.0,0.001
,,,0.7984,0.5431,XGB,1600.0,6.0,0.001
,,,0.8014,0.5561,XGB,1900.0,6.0,0.001
,,,0.8055,0.5666,XGB,2200.0,6.0,0.001
,,,0.8096,0.577,XGB,2500.0,6.0,0.001
,,,0.8137,0.5875,XGB,2800.0,6.0,0.001
,,,0.8178,0.6057,XGB,3100.0,6.0,0.001
,,,0.608,0.0,XGB,100.0,9.0,0.001
,,,0.7625,0.4204,XGB,400.0,9.0,0.001
,,,0.782,0.4778,XGB,700.0,9.0,0.001
,,,0.8004,0.5326,XGB,1000.0,9.0,0.001
,,,0.8066,0.5535,XGB,1300.0,9.0,0.001
,,,0.8117,0.5718,XGB,1600.0,9.0,0.001
,,,0.8229,0.6031,XGB,1900.0,9.0,0.001
,,,0.8301,0.624,XGB,2200.0,9.0,0.001
,,,0.8332,0.6371,XGB,2500.0,9.0,0.001
,,,0.8383,0.6449,XGB,2800.0,9.0,0.001
,,,0.8373,0.6475,XGB,3100.0,9.0,0.001
,,,0.782,0.5431,XGB,100.0,3.0,0.0342222222222222
,,,0.824,0.6371,XGB,400.0,3.0,0.0342222222222222
,,,0.8434,0.6789,XGB,700.0,3.0,0.0342222222222222
,,,0.8454,0.6841,XGB,1000.0,3.0,0.0342222222222222
,,,0.8516,0.705,XGB,1300.0,3.0,0.0342222222222222
,,,0.8598,0.718,XGB,1600.0,3.0,0.0342222222222222
,,,0.8628,0.7311,XGB,1900.0,3.0,0.0342222222222222
,,,0.8659,0.7311,XGB,2200.0,3.0,0.0342222222222222
,,,0.8649,0.7311,XGB,2500.0,3.0,0.0342222222222222
,,,0.8618,0.7311,XGB,2800.0,3.0,0.0342222222222222
,,,0.8598,0.7232,XGB,3100.0,3.0,0.0342222222222222
,,,0.8209,0.6162,XGB,100.0,6.0,0.0342222222222222
,,,0.8588,0.6971,XGB,400.0,6.0,0.0342222222222222
,,,0.8721,0.7311,XGB,700.0,6.0,0.0342222222222222
,,,0.8741,0.7363,XGB,1000.0,6.0,0.0342222222222222
,,,0.871,0.7311,XGB,1300.0,6.0,0.0342222222222222
,,,0.871,0.7337,XGB,1600.0,6.0,0.0342222222222222
,,,0.869,0.7311,XGB,1900.0,6.0,0.0342222222222222
,,,0.869,0.7311,XGB,2200.0,6.0,0.0342222222222222
,,,0.871,0.7363,XGB,2500.0,6.0,0.0342222222222222
,,,0.8721,0.7337,XGB,2800.0,6.0,0.0342222222222222
,,,0.8751,0.7441,XGB,3100.0,6.0,0.0342222222222222
,,,0.8434,0.6606,XGB,100.0,9.0,0.0342222222222222
,,,0.869,0.7258,XGB,400.0,9.0,0.0342222222222222
,,,0.868,0.718,XGB,700.0,9.0,0.0342222222222222
,,,0.8721,0.7311,XGB,1000.0,9.0,0.0342222222222222
,,,0.871,0.7363,XGB,1300.0,9.0,0.0342222222222222
,,,0.8721,0.7415,XGB,1600.0,9.0,0.0342222222222222
,,,0.871,0.7441,XGB,1900.0,9.0,0.0342222222222222
,,,0.8721,0.7441,XGB,2200.0,9.0,0.0342222222222222
,,,0.8721,0.7467,XGB,2500.0,9.0,0.0342222222222222
,,,0.871,0.7441,XGB,2800.0,9.0,0.0342222222222222
,,,0.87,0.7415,XGB,3100.0,9.0,0.0342222222222222
,,,0.8066,0.5953,XGB,100.0,3.0,0.0674444444444444
,,,0.8362,0.671,XGB,400.0,3.0,0.0674444444444444
,,,0.8526,0.7128,XGB,700.0,3.0,0.0674444444444444
,,,0.8567,0.7206,XGB,1000.0,3.0,0.0674444444444444
,,,0.8577,0.7232,XGB,1300.0,3.0,0.0674444444444444
,,,0.8618,0.7311,XGB,1600.0,3.0,0.0674444444444444
,,,0.8618,0.7311,XGB,1900.0,3.0,0.0674444444444444
,,,0.8598,0.7285,XGB,2200.0,3.0,0.0674444444444444
,,,0.8628,0.7311,XGB,2500.0,3.0,0.0674444444444444
,,,0.8608,0.7258,XGB,2800.0,3.0,0.0674444444444444
,,,0.8567,0.7206,XGB,3100.0,3.0,0.0674444444444444
,,,0.8373,0.6658,XGB,100.0,6.0,0.0674444444444444
,,,0.8751,0.7337,XGB,400.0,6.0,0.0674444444444444
,,,0.8731,0.7415,XGB,700.0,6.0,0.0674444444444444
,,,0.868,0.7389,XGB,1000.0,6.0,0.0674444444444444
,,,0.869,0.7441,XGB,1300.0,6.0,0.0674444444444444
,,,0.8669,0.7415,XGB,1600.0,6.0,0.0674444444444444
,,,0.8659,0.7363,XGB,1900.0,6.0,0.0674444444444444
,,,0.869,0.7441,XGB,2200.0,6.0,0.0674444444444444
,,,0.87,0.7415,XGB,2500.0,6.0,0.0674444444444444
,,,0.871,0.7441,XGB,2800.0,6.0,0.0674444444444444
,,,0.871,0.7441,XGB,3100.0,6.0,0.0674444444444444
,,,0.8547,0.6893,XGB,100.0,9.0,0.0674444444444444
,,,0.8772,0.7389,XGB,400.0,9.0,0.0674444444444444
,,,0.8741,0.7467,XGB,700.0,9.0,0.0674444444444444
,,,0.8721,0.7493,XGB,1000.0,9.0,0.0674444444444444
,,,0.8751,0.752,XGB,1300.0,9.0,0.0674444444444444
,,,0.871,0.7441,XGB,1600.0,9.0,0.0674444444444444
,,,0.8731,0.752,XGB,1900.0,9.0,0.0674444444444444
,,,0.8721,0.752,XGB,2200.0,9.0,0.0674444444444444
,,,0.87,0.7441,XGB,2500.0,9.0,0.0674444444444444
,,,0.868,0.7441,XGB,2800.0,9.0,0.0674444444444444
,,,0.868,0.7441,XGB,3100.0,9.0,0.0674444444444444
,,,0.8117,0.611,XGB,100.0,3.0,0.1006666666666666
,,,0.8485,0.7023,XGB,400.0,3.0,0.1006666666666666
,,,0.8628,0.7311,XGB,700.0,3.0,0.1006666666666666
,,,0.8639,0.7363,XGB,1000.0,3.0,0.1006666666666666
,,,0.8608,0.7258,XGB,1300.0,3.0,0.1006666666666666
,,,0.8669,0.7389,XGB,1600.0,3.0,0.1006666666666666
,,,0.8649,0.7415,XGB,1900.0,3.0,0.1006666666666666
,,,0.8639,0.7389,XGB,2200.0,3.0,0.1006666666666666
,,,0.8598,0.7337,XGB,2500.0,3.0,0.1006666666666666
,,,0.8628,0.7389,XGB,2800.0,3.0,0.1006666666666666
,,,0.8608,0.7337,XGB,3100.0,3.0,0.1006666666666666
,,,0.8526,0.6893,XGB,100.0,6.0,0.1006666666666666
,,,0.871,0.7311,XGB,400.0,6.0,0.1006666666666666
,,,0.871,0.7337,XGB,700.0,6.0,0.1006666666666666
,,,0.8731,0.7415,XGB,1000.0,6.0,0.1006666666666666
,,,0.868,0.7337,XGB,1300.0,6.0,0.1006666666666666
,,,0.8669,0.7337,XGB,1600.0,6.0,0.1006666666666666
,,,0.869,0.7363,XGB,1900.0,6.0,0.1006666666666666
,,,0.869,0.7363,XGB,2200.0,6.0,0.1006666666666666
,,,0.869,0.7363,XGB,2500.0,6.0,0.1006666666666666
,,,0.869,0.7363,XGB,2800.0,6.0,0.1006666666666666
,,,0.8669,0.7337,XGB,3100.0,6.0,0.1006666666666666
,,,0.8659,0.705,XGB,100.0,9.0,0.1006666666666666
,,,0.871,0.7285,XGB,400.0,9.0,0.1006666666666666
,,,0.869,0.7337,XGB,700.0,9.0,0.1006666666666666
,,,0.8741,0.7467,XGB,1000.0,9.0,0.1006666666666666
,,,0.8721,0.7467,XGB,1300.0,9.0,0.1006666666666666
,,,0.87,0.7441,XGB,1600.0,9.0,0.1006666666666666
,,,0.8741,0.7493,XGB,1900.0,9.0,0.1006666666666666
,,,0.8731,0.7493,XGB,2200.0,9.0,0.1006666666666666
,,,0.8721,0.7493,XGB,2500.0,9.0,0.1006666666666666
,,,0.871,0.7467,XGB,2800.0,9.0,0.1006666666666666
,,,0.87,0.7467,XGB,3100.0,9.0,0.1006666666666666
,,,0.826,0.6371,XGB,100.0,3.0,0.1338888888888889
,,,0.8536,0.6919,XGB,400.0,3.0,0.1338888888888889
,,,0.8536,0.705,XGB,700.0,3.0,0.1338888888888889
,,,0.8588,0.7232,XGB,1000.0,3.0,0.1338888888888889
,,,0.8557,0.7206,XGB,1300.0,3.0,0.1338888888888889
,,,0.8608,0.7258,XGB,1600.0,3.0,0.1338888888888889
,,,0.8577,0.7232,XGB,1900.0,3.0,0.1338888888888889
,,,0.8618,0.7285,XGB,2200.0,3.0,0.1338888888888889
,,,0.8639,0.7311,XGB,2500.0,3.0,0.1338888888888889
,,,0.8588,0.7258,XGB,2800.0,3.0,0.1338888888888889
,,,0.8588,0.7285,XGB,3100.0,3.0,0.1338888888888889
,,,0.871,0.7311,XGB,100.0,6.0,0.1338888888888889
,,,0.8751,0.7363,XGB,400.0,6.0,0.1338888888888889
,,,0.8741,0.7415,XGB,700.0,6.0,0.1338888888888889
,,,0.8751,0.7467,XGB,1000.0,6.0,0.1338888888888889
,,,0.8741,0.7467,XGB,1300.0,6.0,0.1338888888888889
,,,0.8741,0.7415,XGB,1600.0,6.0,0.1338888888888889
,,,0.8741,0.7441,XGB,1900.0,6.0,0.1338888888888889
,,,0.8741,0.7467,XGB,2200.0,6.0,0.1338888888888889
,,,0.8751,0.7493,XGB,2500.0,6.0,0.1338888888888889
,,,0.8741,0.7467,XGB,2800.0,6.0,0.1338888888888889
,,,0.8741,0.7467,XGB,3100.0,6.0,0.1338888888888889
,,,0.8741,0.7206,XGB,100.0,9.0,0.1338888888888889
,,,0.8762,0.7415,XGB,400.0,9.0,0.1338888888888889
,,,0.8741,0.7363,XGB,700.0,9.0,0.1338888888888889
,,,0.8782,0.7415,XGB,1000.0,9.0,0.1338888888888889
,,,0.8762,0.7493,XGB,1300.0,9.0,0.1338888888888889
,,,0.8741,0.7467,XGB,1600.0,9.0,0.1338888888888889
,,,0.8731,0.7467,XGB,1900.0,9.0,0.1338888888888889
,,,0.871,0.7467,XGB,2200.0,9.0,0.1338888888888889
,,,0.871,0.7467,XGB,2500.0,9.0,0.1338888888888889
,,,0.8721,0.7467,XGB,2800.0,9.0,0.1338888888888889
,,,0.871,0.7441,XGB,3100.0,9.0,0.1338888888888889
,,,0.8291,0.6527,XGB,100.0,3.0,0.1671111111111111
,,,0.8485,0.7023,XGB,400.0,3.0,0.1671111111111111
,,,0.8516,0.7128,XGB,700.0,3.0,0.1671111111111111
,,,0.8588,0.7154,XGB,1000.0,3.0,0.1671111111111111
,,,0.8577,0.718,XGB,1300.0,3.0,0.1671111111111111
,,,0.8618,0.7311,XGB,1600.0,3.0,0.1671111111111111
,,,0.8598,0.7258,XGB,1900.0,3.0,0.1671111111111111
,,,0.8598,0.7311,XGB,2200.0,3.0,0.1671111111111111
,,,0.8618,0.7363,XGB,2500.0,3.0,0.1671111111111111
,,,0.8618,0.7363,XGB,2800.0,3.0,0.1671111111111111
,,,0.8628,0.7363,XGB,3100.0,3.0,0.1671111111111111
,,,0.8598,0.7102,XGB,100.0,6.0,0.1671111111111111
,,,0.8669,0.7285,XGB,400.0,6.0,0.1671111111111111
,,,0.8731,0.7389,XGB,700.0,6.0,0.1671111111111111
,,,0.8772,0.7493,XGB,1000.0,6.0,0.1671111111111111
,,,0.8772,0.7493,XGB,1300.0,6.0,0.1671111111111111
,,,0.8741,0.7467,XGB,1600.0,6.0,0.1671111111111111
,,,0.871,0.7415,XGB,1900.0,6.0,0.1671111111111111
,,,0.87,0.7415,XGB,2200.0,6.0,0.1671111111111111
,,,0.87,0.7389,XGB,2500.0,6.0,0.1671111111111111
,,,0.87,0.7389,XGB,2800.0,6.0,0.1671111111111111
,,,0.8649,0.7363,XGB,3100.0,6.0,0.1671111111111111
,,,0.8649,0.7154,XGB,100.0,9.0,0.1671111111111111
,,,0.8659,0.7337,XGB,400.0,9.0,0.1671111111111111
,,,0.868,0.7467,XGB,700.0,9.0,0.1671111111111111
,,,0.868,0.7441,XGB,1000.0,9.0,0.1671111111111111
,,,0.8649,0.7441,XGB,1300.0,9.0,0.1671111111111111
,,,0.8649,0.7467,XGB,1600.0,9.0,0.1671111111111111
,,,0.8639,0.7389,XGB,1900.0,9.0,0.1671111111111111
,,,0.8628,0.7363,XGB,2200.0,9.0,0.1671111111111111
,,,0.8639,0.7389,XGB,2500.0,9.0,0.1671111111111111
,,,0.8618,0.7337,XGB,2800.0,9.0,0.1671111111111111
,,,0.8618,0.7337,XGB,3100.0,9.0,0.1671111111111111
,,,0.8321,0.6606,XGB,100.0,3.0,0.2003333333333333
,,,0.8598,0.7285,XGB,400.0,3.0,0.2003333333333333
,,,0.8547,0.7206,XGB,700.0,3.0,0.2003333333333333
,,,0.8628,0.7389,XGB,1000.0,3.0,0.2003333333333333
,,,0.8639,0.7363,XGB,1300.0,3.0,0.2003333333333333
,,,0.8618,0.7311,XGB,1600.0,3.0,0.2003333333333333
,,,0.8618,0.7285,XGB,1900.0,3.0,0.2003333333333333
,,,0.8649,0.7415,XGB,2200.0,3.0,0.2003333333333333
,,,0.8628,0.7389,XGB,2500.0,3.0,0.2003333333333333
,,,0.8608,0.7337,XGB,2800.0,3.0,0.2003333333333333
,,,0.8608,0.7363,XGB,3100.0,3.0,0.2003333333333333
,,,0.8526,0.7023,XGB,100.0,6.0,0.2003333333333333
,,,0.8669,0.7337,XGB,400.0,6.0,0.2003333333333333
,,,0.869,0.7363,XGB,700.0,6.0,0.2003333333333333
,,,0.87,0.7415,XGB,1000.0,6.0,0.2003333333333333
,,,0.871,0.7415,XGB,1300.0,6.0,0.2003333333333333
,,,0.87,0.7415,XGB,1600.0,6.0,0.2003333333333333
,,,0.869,0.7415,XGB,1900.0,6.0,0.2003333333333333
,,,0.869,0.7415,XGB,2200.0,6.0,0.2003333333333333
,,,0.868,0.7415,XGB,2500.0,6.0,0.2003333333333333
,,,0.869,0.7415,XGB,2800.0,6.0,0.2003333333333333
,,,0.869,0.7441,XGB,3100.0,6.0,0.2003333333333333
,,,0.87,0.7311,XGB,100.0,9.0,0.2003333333333333
,,,0.871,0.7493,XGB,400.0,9.0,0.2003333333333333
,,,0.868,0.752,XGB,700.0,9.0,0.2003333333333333
,,,0.8669,0.7493,XGB,1000.0,9.0,0.2003333333333333
,,,0.8669,0.7493,XGB,1300.0,9.0,0.2003333333333333
,,,0.868,0.752,XGB,1600.0,9.0,0.2003333333333333
,,,0.8649,0.7493,XGB,1900.0,9.0,0.2003333333333333
,,,0.8649,0.7493,XGB,2200.0,9.0,0.2003333333333333
,,,0.8649,0.7441,XGB,2500.0,9.0,0.2003333333333333
,,,0.8639,0.7415,XGB,2800.0,9.0,0.2003333333333333
,,,0.8649,0.7415,XGB,3100.0,9.0,0.2003333333333333
,,,0.8444,0.6997,XGB,100.0,3.0,0.2335555555555555
,,,0.8588,0.7311,XGB,400.0,3.0,0.2335555555555555
,,,0.8577,0.7441,XGB,700.0,3.0,0.2335555555555555
,,,0.8608,0.7467,XGB,1000.0,3.0,0.2335555555555555
,,,0.8659,0.752,XGB,1300.0,3.0,0.2335555555555555
,,,0.8628,0.7441,XGB,1600.0,3.0,0.2335555555555555
,,,0.8669,0.7415,XGB,1900.0,3.0,0.2335555555555555
,,,0.8649,0.7441,XGB,2200.0,3.0,0.2335555555555555
,,,0.8649,0.7415,XGB,2500.0,3.0,0.2335555555555555
,,,0.8649,0.7415,XGB,2800.0,3.0,0.2335555555555555
,,,0.8639,0.7415,XGB,3100.0,3.0,0.2335555555555555
,,,0.8588,0.7232,XGB,100.0,6.0,0.2335555555555555
,,,0.868,0.7467,XGB,400.0,6.0,0.2335555555555555
,,,0.869,0.7467,XGB,700.0,6.0,0.2335555555555555
,,,0.869,0.7441,XGB,1000.0,6.0,0.2335555555555555
,,,0.87,0.7493,XGB,1300.0,6.0,0.2335555555555555
,,,0.87,0.7467,XGB,1600.0,6.0,0.2335555555555555
,,,0.871,0.7493,XGB,1900.0,6.0,0.2335555555555555
,,,0.8721,0.752,XGB,2200.0,6.0,0.2335555555555555
,,,0.869,0.7493,XGB,2500.0,6.0,0.2335555555555555
,,,0.868,0.7467,XGB,2800.0,6.0,0.2335555555555555
,,,0.869,0.752,XGB,3100.0,6.0,0.2335555555555555
,,,0.8536,0.7102,XGB,100.0,9.0,0.2335555555555555
,,,0.8628,0.7363,XGB,400.0,9.0,0.2335555555555555
,,,0.8628,0.7415,XGB,700.0,9.0,0.2335555555555555
,,,0.8598,0.7337,XGB,1000.0,9.0,0.2335555555555555
,,,0.8588,0.7311,XGB,1300.0,9.0,0.2335555555555555
,,,0.8588,0.7311,XGB,1600.0,9.0,0.2335555555555555
,,,0.8608,0.7311,XGB,1900.0,9.0,0.2335555555555555
,,,0.8588,0.7285,XGB,2200.0,9.0,0.2335555555555555
,,,0.8608,0.7311,XGB,2500.0,9.0,0.2335555555555555
,,,0.8608,0.7337,XGB,2800.0,9.0,0.2335555555555555
,,,0.8598,0.7311,XGB,3100.0,9.0,0.2335555555555555
,,,0.8362,0.6736,XGB,100.0,3.0,0.2667777777777778
,,,0.8516,0.7232,XGB,400.0,3.0,0.2667777777777778
,,,0.8526,0.7258,XGB,700.0,3.0,0.2667777777777778
,,,0.8506,0.7206,XGB,1000.0,3.0,0.2667777777777778
,,,0.8557,0.7285,XGB,1300.0,3.0,0.2667777777777778
,,,0.8567,0.7311,XGB,1600.0,3.0,0.2667777777777778
,,,0.8536,0.7232,XGB,1900.0,3.0,0.2667777777777778
,,,0.8577,0.7311,XGB,2200.0,3.0,0.2667777777777778
,,,0.8536,0.7285,XGB,2500.0,3.0,0.2667777777777778
,,,0.8536,0.7258,XGB,2800.0,3.0,0.2667777777777778
,,,0.8516,0.7258,XGB,3100.0,3.0,0.2667777777777778
,,,0.8557,0.7076,XGB,100.0,6.0,0.2667777777777778
,,,0.8649,0.7415,XGB,400.0,6.0,0.2667777777777778
,,,0.8628,0.7389,XGB,700.0,6.0,0.2667777777777778
,,,0.8618,0.7389,XGB,1000.0,6.0,0.2667777777777778
,,,0.8608,0.7363,XGB,1300.0,6.0,0.2667777777777778
,,,0.8618,0.7389,XGB,1600.0,6.0,0.2667777777777778
,,,0.8628,0.7415,XGB,1900.0,6.0,0.2667777777777778
,,,0.8628,0.7415,XGB,2200.0,6.0,0.2667777777777778
,,,0.8628,0.7415,XGB,2500.0,6.0,0.2667777777777778
,,,0.8639,0.7441,XGB,2800.0,6.0,0.2667777777777778
,,,0.8618,0.7389,XGB,3100.0,6.0,0.2667777777777778
,,,0.8577,0.7023,XGB,100.0,9.0,0.2667777777777778
,,,0.8639,0.7258,XGB,400.0,9.0,0.2667777777777778
,,,0.8659,0.7311,XGB,700.0,9.0,0.2667777777777778
,,,0.8649,0.7311,XGB,1000.0,9.0,0.2667777777777778
,,,0.868,0.7389,XGB,1300.0,9.0,0.2667777777777778
,,,0.8669,0.7363,XGB,1600.0,9.0,0.2667777777777778
,,,0.868,0.7389,XGB,1900.0,9.0,0.2667777777777778
,,,0.8669,0.7363,XGB,2200.0,9.0,0.2667777777777778
,,,0.868,0.7389,XGB,2500.0,9.0,0.2667777777777778
,,,0.8669,0.7389,XGB,2800.0,9.0,0.2667777777777778
,,,0.8659,0.7389,XGB,3100.0,9.0,0.2667777777777778
,,,0.8424,0.6893,XGB,100.0,3.0,0.3
,,,0.8567,0.7285,XGB,400.0,3.0,0.3
,,,0.8526,0.7258,XGB,700.0,3.0,0.3
,,,0.8567,0.7311,XGB,1000.0,3.0,0.3
,,,0.8567,0.7311,XGB,1300.0,3.0,0.3
,,,0.8567,0.7311,XGB,1600.0,3.0,0.3
,,,0.8577,0.7337,XGB,1900.0,3.0,0.3
,,,0.8588,0.7363,XGB,2200.0,3.0,0.3
,,,0.8567,0.7337,XGB,2500.0,3.0,0.3
,,,0.8567,0.7337,XGB,2800.0,3.0,0.3
,,,0.8588,0.7389,XGB,3100.0,3.0,0.3
,,,0.8516,0.7102,XGB,100.0,6.0,0.3
,,,0.8598,0.7337,XGB,400.0,6.0,0.3
,,,0.8598,0.7311,XGB,700.0,6.0,0.3
,,,0.8547,0.7285,XGB,1000.0,6.0,0.3
,,,0.8588,0.7337,XGB,1300.0,6.0,0.3
,,,0.8588,0.7337,XGB,1600.0,6.0,0.3
,,,0.8588,0.7311,XGB,1900.0,6.0,0.3
,,,0.8588,0.7311,XGB,2200.0,6.0,0.3
,,,0.8598,0.7337,XGB,2500.0,6.0,0.3
,,,0.8577,0.7311,XGB,2800.0,6.0,0.3
,,,0.8588,0.7311,XGB,3100.0,6.0,0.3
,,,0.8628,0.718,XGB,100.0,9.0,0.3
,,,0.87,0.7415,XGB,400.0,9.0,0.3
,,,0.868,0.7415,XGB,700.0,9.0,0.3
,,,0.868,0.7467,XGB,1000.0,9.0,0.3
,,,0.8669,0.7441,XGB,1300.0,9.0,0.3
,,,0.8659,0.7441,XGB,1600.0,9.0,0.3
,,,0.868,0.7441,XGB,1900.0,9.0,0.3
,,,0.8649,0.7441,XGB,2200.0,9.0,0.3
,,,0.8639,0.7415,XGB,2500.0,9.0,0.3
,,,0.8628,0.7415,XGB,2800.0,9.0,0.3
,,,0.8628,0.7415,XGB,3100.0,9.0,0.3
